,Product_Name,Price,City_Shop,Sold,Rating,Review
0,SEPATU OLAHRAGA VOLI BASKET TENIS BADMINTON LARI JOGGING MARATHON,"Rp185,800",Kab. Tangerang,,,
1,PUMA Sepatu Lari Slip-on Softride Astro,"Rp209,099",Kota Jakarta Pusat,,,
2,Ortuszeight Sepatu Running Hyperglidee 3.1 White Cyan | Sepatu Lari Olahraga Outdoor Pria Wanita,"Rp137,000",Kota Palembang,,,
3,sepatu olahraga lari hyperblast 2.1 running,"Rp152,000",Kab. Tangerang,5 sold,5.0,(2)
4,(TERLARIS) ORTUSEIGHT HYPERGLIDE 2.0-SEPATU OLAHRAGA PRIA SEPATU UNISEX ORTUSEIGHT SEPATU LARI,"Rp20,000",Kab. Tangerang,125 sold,4.9,(68)
5,Sepatu Olahaga  Pria Ortuseight Hyperglide 2.0 Running Unisex Terbaru Terlaris 2025,"Rp82,741",Kab. Tangerang,172 sold,4.8,(57)
6,PROMO!! Sepatu Ortuseight Hyperglide Sepatu Running Pria Dan Wanita Sepatu Olahraga Sepatu Lari,"Rp89,000",Kab. Tangerang,42 sold,4.6,(16)
7,Sepatu Ortuseight Pria Runing Sneakers Cowok Terbaru 38-43 Sepatu Lari / Sepatu Running Pria Dan Wanita / BAYAR DI TEMPAT,"Rp88,239",Kab. Tangerang,14 sold,4.8,(4)
8,SALWA SHOP Sepatu Sneakers Pria Untuk Lari Sneakers Sepatu Running Variasi 3 Warna Sepatu Sport,"Rp115,000",Kota Surakarta (Solo),9 sold,5.0,(1)
9,PROMO TERLARIS DAN ERMURAH Sepatu Ortuseigh Putih Abu Runing Pria Ortuz Eight Lari Running Cowok 38-43,"Rp75,000",Kab. Tangerang,,1.0,(2)
10,"SEPATU OLAHRAGA DAN JALANAN SEPATU LARI,SEPATU SNEAKERS,SEPATU SENAM,TERLARIS QUALITY IMPORT","Rp84,000",Kab. Tangerang,2.3K sold,4.7,(941)
11,Sepatu Volly  TanderBlade Wave Inspire Tornado navy blue /Sepatu badminton/Sepatu Voli Pria/Sepatu Lari Pria/Sepatu Volly Murah/Sepatu Olahraga Pria/Sepatu Olahraga wanita/Sepatu Volly Pria/Sepatu  Volly/Sepatu Termurah,"Rp140,000",Kota Tasikmalaya,,,
12,Sepatu Lari Dan Bulu Takis Wanita Trebny Terbaru Kekinian Jaman Now,"Rp31,900",Kab. Bogor,35 sold,4.0,(5)
13,Sepatu running wanita hoka match 5 sepatu olahraga lari cewek cowok model terbaru,"Rp139,000",Kab. Tangerang,369 sold,4.7,(100)
14,Sepatu pria terbaru hoka mach 5 sepatu running pria sepatu lari cowok,"Rp125,000",Kab. Tangerang,99 sold,4.7,(23)
15,Sepatu Olahraga Lari Pria Wanita Ortuseight Heyperglide 2.0 Sepatu Running Jalan Terlaris,"Rp87,300",Kab. Tangerang,11 sold,4.8,(5)
16,SP58 Sepatu olahraga pria cowok cowo sekolah sport lari hitam putih,"Rp24,500",Kab. Bogor,18 sold,4.6,(8)
17,HOT!!! Hyperglide men women running sports shoes 2.0 unisex shoes can cod,"Rp126,100",Kab. Tangerang,309 sold,4.6,(99)
18,PROMO!! Sepatu Lari Ortuseight Running Hyperglide 2.0 Pria&Wanita Bisa Cod/Bayar Ditempat sepatu olahraga,"Rp99,000",Kab. Tangerang,53 sold,4.8,(24)
19,JSP56 Sepatu Running Pria Sport Shoes,"Rp98,000",Kota Tangerang,638 sold,4.0,(227)
20,Ortuseight hiperglide 2.0 running shoes men and women running shoes New Trend sports jogging shoes aerobic Jumba jogging shoes,"Rp130,000",Kab. Tangerang,1.3K sold,4.6,(474)
21,BIG SALE Sepatu Lari Superblast Grey Wisper Green Black Orange Terbaru,"Rp211,000",Kab. Karawang,,5.0,(1)
22,Sepatu Lari Pria Nuevo Soars XI Olahraga Running Pria,"Rp181,500",Kota Bandung,48 sold,4.7,(22)
23,Sepatu Running Lari Pria Trendy Terbaru,"Rp90,999",Kab. Tangerang,24 sold,4.6,(8)
24,Promo Sepatu Lari Ortuseight Solar Off White Pria Terbaru / Sepatu Running Ortuseight Solar,"Rp112,500",Kab. Tangerang,,,
25,Sepatu hoka mach pria sepatu running pria terbaru sepatu olahraga lari cowok,"Rp150,000",Kab. Tangerang,284 sold,4.7,(92)
26,SEPATU LARI PRIA WANITA HOKA HOKA ONE ONE CARBON X2 SEPATU RUNNING/GYM HOKA HOKA JOGGING,"Rp75,000",Kab. Tangerang,20 sold,4.5,(5)
27,S49 Sepatu olahraga pria cowok cowo sekolah sport lari murah hitam putih,"Rp29,500",Kab. Bogor,9 sold,4.0,(4)
28,S39 Sepatu olahraga pria cowok cowo sekolah lari murah hitam putih,"Rp29,500",Kab. Bogor,11 sold,3.0,(1)
29,DISKON ! SEPATU RUNNING ORTUSEIGHT HYPERBLAST ORTUSEIGHT RUNNING  SEPATU LARI OLAHRAGA PRIA WANITA OUTDOOR,"Rp220,000",Kab. Karawang,10 sold,4.5,(5)
30,SP56 Sepatu olahraga pria cowok cowo sekolah sport lari hitam putih,"Rp24,500",Kab. Bogor,40 sold,4.3,(12)
31,Sepatu Runnning Pria Trendy Terbaru,"Rp35,100",Kab. Bogor,1.3K sold,4.5,(443)
32,Sepatu Running Ortuseight Ortus Solar Pria Wanita Eclipse Hyperblast Hyperglide Lari Jogging,"Rp115,300",Kab. Tangerang,72 sold,4.7,(31)
33,sepatu sport running wanita/sepatu olahraga lari cewek/sneakers running olahraga,"Rp140,000",Kab. Tangerang,139 sold,4.7,(47)
34,SH31R sepatu pria cowok cowo olahraga sekolah sport sneakers lari murah dewasa hitam putih,"Rp23,500",Kab. Bogor,11 sold,5.0,(4)
35,Sepatu olahraga wanita terbaru hoka mach 4 sepatu running wanita,"Rp149,000",Kab. Tangerang,69 sold,4.8,(19)
36,Sepatu Running Hoka Goretex Wanita Terbaru Sepatu Lari Hoka Clifton Goretex  Wanita Terbaru Paling Banyak Dicari,"Rp65,500",Kab. Tangerang,28 sold,5.0,(6)
37,PROMO CUCI GUDANG SEPATU PRIA SPORT SEPATU PRIA OLAHRAGA SEPATU PRIA LARI SEPATU PRIA JOGGING SEPATU PRIA TERBARU,"Rp52,500",Kab. Bogor,65 sold,4.7,(29)
38,Sepatu wanita hoka clifton 9 model goretex invisible vit sepatu lari cewek sepatu running wanita,"Rp149,000",Kab. Tangerang,77 sold,4.8,(23)
39,SP03 sepatu olahraga pria cowok cowo sekolah sport sneakers lari sneaker murah hitam putih jogging,"Rp29,500",Kab. Bogor,,5.0,(1)
40,(TERLARIS) ORTUSEIGHT HYPERGLIDE 2.0-SEPATU OLAHRAGA PRIA SEPATU UNISEX ORTUSEIGHT SEPATU LARI,Rp20.000,Kab. Tangerang,125 sold,4.9,(68)
41,TERLARIS!! Sepatu Lari Unisex Ortuseight Hyperblast 2.0 Sepatu Running Olahraga Pria Wanita Dewasa Ukuran 39 40 41 42 dan 43 Ringan digunakan Olahraga Outdoot dan Indoor Termurah,Rp129.300,Kab. Tangerang,36 sold,4.5,(7)
42,Sepatu Ortuseight Pria Runing Sneakers Cowok Terbaru 38-43 Sepatu Lari / Sepatu Running Pria Dan Wanita / BAYAR DI TEMPAT,Rp88.239,Kab. Tangerang,14 sold,4.8,(4)
43,Sepatu Olahraga Lari Pria Wanita Ortuseight Heyperglide 2.0 Sepatu Running Jalan Terlaris,Rp87.300,Kab. Tangerang,11 sold,4.8,(5)
44,Sepatu Lari Dan Bulu Takis Wanita Trebny Terbaru Kekinian Jaman Now,Rp31.900,Kab. Bogor,35 sold,4.0,(5)
45,Sepatu Lari Jogging Unisex Terbaru Sepatu Running Pria New Model Design Varian Warna,Rp205.000,Kab. Karawang,17 sold,3.3,(7)
46,sepatu olahraga lari hyperblast 2.1 running,Rp152.000,Kab. Tangerang,5 sold,5.0,(2)
47,PROMO!! Sepatu Ortuseight Hyperglide Sepatu Running Pria Dan Wanita Sepatu Olahraga Sepatu Lari,Rp89.000,Kab. Tangerang,42 sold,4.6,(16)
48,SEPATU OLAHRAGA b3y0m4 next% LARI PRIA WANITA MARATHON TRAINING/RUNNING SHOES,Rp164.900,Kab. Tangerang,10 sold,4.2,(5)
49,Sepatu Olahaga  Pria Ortuseight Hyperglide 2.0 Running Unisex Terbaru Terlaris 2025,Rp82.741,Kab. Tangerang,172 sold,4.8,(57)
50,"Sepatu lari terbaru untuk wanita dan pria, sepatu running ortus Hyperglade 3.0 sepatu jogging santai",Rp170.000,Kab. Tangerang,,,
51,SEPATU RUNNING ORTUSEIGHT HYPERGLIDE 3.1  - SEPATU GYM- SEPATU OLAHRAGA WANITA PRIA DEWASA,Rp96.250,Kab. Tangerang,,5.0,(1)
52,sepatu nb running pria terbaru/sepatu olahraga lari cowok/sepatu sport joging/sepatu olahraga pria,Rp155.000,Kab. Tangerang,,,
53,Sepatu Lari Wanita Novablast4 (Running Shoes) Sepatu Olahraga Lari Wanita Terbaru,Rp149.990,Kab. Tangerang,,5.0,(1)
54,SEPATU LARI HOKA ONE ONE CARBON X2 SEPATU LARI OLAHRAGA SNEAKERS 100% SEPATU RUNNING,Rp99.000,Kab. Tangerang,5.0K sold,4.5,(2042)
55,Nu Fit - (HITAM DAN ABU) Versa Running Belt - Tas Lari Unisex dengan BIB - Tas Pinggang Olahraga Multi Fungsi - Tas Lari Pria Elastis,Rp72.500,Kota Jakarta Timur,,5.0,(1)
56,Sepatu Volly  TanderBlade Wave Inspire Tornado navy blue /Sepatu badminton/Sepatu Voli Pria/Sepatu Lari Pria/Sepatu Volly Murah/Sepatu Olahraga Pria/Sepatu Olahraga wanita/Sepatu Volly Pria/Sepatu  Volly/Sepatu Termurah,Rp140.000,Kota Tasikmalaya,,,
57,Sepatu running Saganext cygnus unisex,Rp139.000,Kota Mojokerto,454 sold,4.7,(164)
58,sepatu sport wanita DN-11 | sneakers lari wanita | sepatu senam | sepatu olahraga | sepatu sneakers putih wanita terbaru | sepatu wanita terlaris | sneakers cewek | sepatu wanita lucu | sepatu kets wanita | sepatu perempuan | sneakers viral wanita,Rp33.900,Kab. Bogor,1.0K sold,4.0,(385)
59,Promo Sepatu Lari Ortuseight Solar Off White Pria Terbaru / Sepatu Running Ortuseight Solar,Rp112.500,Kab. Tangerang,,,
60,"SEPATU OLAHRAGA DAN JALANAN SEPATU LARI,SEPATU SNEAKERS,SEPATU SENAM,TERLARIS QUALITY IMPORT",Rp84.000,Kab. Tangerang,2.3K sold,4.7,(941)
61,sepatu sport wanita sepatu sneakers wanita sepatu olahraga wanita sepatu running wanita sepatu senam,Rp65.500,Kota Mojokerto,875 sold,4.7,(307)
62,Sepatu running wanita hoka match 5 sepatu olahraga lari cewek cowok model terbaru,Rp139.000,Kab. Tangerang,369 sold,4.7,(100)
63,Ortuseight Sepatu Lari/Running Hyperblast 2.1 - White/Camo,Rp120.000,Kota Jakarta Selatan,5 sold,3.0,(2)
64,JSP56 Sepatu Running Pria Sport Shoes,Rp98.000,Kota Tangerang,638 sold,4.0,(227)
65,SEPATU RUNNING HOKA KAWANA WANITA SEPATU LARI WANITA TAG HOLOGRAM SEPATU OLAHRAGA,Rp145.000,Kab. Tangerang,,,
66,BIG SALE Sepatu Lari Superblast Grey Wisper Green Black Orange Terbaru,Rp211.000,Kab. Karawang,,5.0,(1)
67,Sepatu wanita hoka clifton 9 model goretex invisible vit sepatu lari cewek sepatu running wanita,Rp149.000,Kab. Tangerang,77 sold,4.8,(23)
68,BAYAR DITEMPAT ! SEPATU LARI MARATHON RUNNING SHOES PRIA DAN WANITA TERSEDIA SIZE 37 SAMPAI 45,Rp210.000,Kab. Karawang,7 sold,5.0,(3)
69,KN - SEPATU OLAHRAGA WANITA SEPATU WANITA JOGING KN03,Rp35.000,Kab. Bogor,15.2K sold,4.0,(4521)
70,PROMO!! Sepatu Lari Ortuseight Running Hyperglide 2.0 Pria&Wanita Bisa Cod/Bayar Ditempat sepatu olahraga,Rp99.000,Kab. Tangerang,53 sold,4.8,(24)
71,New Arrival!!! Sepatu Lari Pria Ortuseight Hyperblast 2.0 / Sepatu Running / Sepatu Joging,Rp120.000,Kab. Tangerang,,,
72,Sepatu Lari Pria Nuevo Soars XI Olahraga Running Pria,Rp181.500,Kota Bandung,48 sold,4.7,(22)
73,SEPATU LARI PRIA WANITA HOKA ONE ONE CARBON X2 SEPATU RUNNING/GYM HOKA HOKA,Rp135.000,Kab. Tangerang,58 sold,4.6,(27)
74,Nu Fit - (HITAM dan ABU) Tas Lari Pria - Tas Pinggang Olahraga - Tas Pinggang Multi Fungsi - Running Belt High Elasticity - Tas Running Pria,Rp65.000,Kota Jakarta Timur,,,
75,SHB27 sepatu olahraga pria cowok cowo sekolah sport lari sneakers dewasa murah hitam putih,Rp29.500,Kab. Bogor,170 sold,4.2,(40)
76,Sepatu senam warna merah/sepatu olahraga lari wanita/sepatu jogging/sepatu gym trainning/sepatu sneakers olahraga,Rp155.000,Kab. Tangerang,,,
77,Sepatu Running Specs Flybird Sv Src Sub 1 / Sepatu Olahraga Pria dan Wanita Terbaru,Rp155.000,Kab. Tangerang,,,
78,Chosamon sneakers mid top clown clown sports shoes Unisex men and women multifunction gymnastics Zumba aerobics line dance volleyball tennis badminton gymnastics fitness excerxise running trainer gym training Sports,Rp145.000,Kab. Tangerang,308 sold,4.9,(128)
79,Sepatu Lari Jogging Pria Olahraga Running Outdoor Model Baru Sepatu Jalan Santai Cowok Berkualitas Bonus Kaos Kaki Sneakers Cowok Nyaman Dipakai,Rp129.999,Kab. Tangerang,6 sold,5.0,(2)
80,Promo Eagle Sepatu Lari Run Breaker - Running Shoes Sepatu Sneakers Olahraga Pria Terlaris 2025 Trendy Bisa COD,Rp160.000,Kota Jakarta Timur,,,
81,(BISA COD) Terbaru Sepatu Running 910 Nineten Hiroshi - Sepatu Running - Sepatu Lari Pria Dan Wanita,Rp175.000,Kab. Tangerang,21 sold,4.6,(11)
82,Promo Eagle Sepatu Running Run Breaker - Running Shoes Sepatu Sneakers Olahraga Pria Terlaris 2025 Trendy Bisa COD,Rp159.000,Kota Jakarta Timur,18 sold,4.0,(9)
83,Sepatu running Ortuseight Solar Eclipse Penumbra 1.1 black Sepatu lari jogging outdoor pria wanita,Rp135.000,Kab. Tangerang,25 sold,4.5,(11)
84,SALWA SHOP Sepatu Sneakers Pria Untuk Lari Sneakers Sepatu Running Variasi 3 Warna Sepatu Sport,Rp115.000,Kota Surakarta (Solo),9 sold,5.0,(1)
85,DISKON TERKINI! Sepatu Running 910 Nineten Hiroshi - Sepatu Running - Sepatu Lari Pria Dan Wanita BISA COD,Rp175.900,Kab. Tangerang,31 sold,4.8,(17)
86,Sepatu Hoka Challenger ATR 7 Sepatu Lari Hoka ATR 7 Sepatu Lari Unisex Sepatu Olahraga Sepatu Lari Hoka Clifton 8 Sepatu Hoka Clifton 9 Sepatu Lari Hoka Challenger ATR 7,Rp116.000,Kota Jakarta Selatan,,,
87,Sepatu Running Run Ortuseight Heyperglide 2.0 Sepatu Olahraga Lari Pria Wanita - Running Shoes Outdoor,Rp86.330,Kab. Tangerang,6 sold,,
88,Promo Eagle Sepatu Lari Nomad - Running Shoes Sepatu Sneakers Olahraga Pria Terlaris 2025 Trendy Bisa COD,Rp157.000,Kota Jakarta Timur,,4.0,(1)
89,sepatu lari ortusight wanita pria sepatu running ortuseight hiperglide pria wanita,Rp60.000,Kab. Tangerang,73 sold,4.6,(26)
90,Sepatu pria terbaru hoka mach 5 sepatu running pria sepatu lari cowok,Rp125.000,Kab. Tangerang,99 sold,4.7,(23)
91,DISKON ! SEPATU RUNNING ORTUSEIGHT HYPERBLAST ORTUSEIGHT RUNNING  SEPATU LARI OLAHRAGA PRIA WANITA OUTDOOR,Rp220.000,Kab. Karawang,10 sold,4.5,(5)
92,HOT SALE!! Sepatu Running 910 Nineten Hiroshi - Sepatu Running - Sepatu Lari Pria Dan Wanita,Rp164.517,Kab. Tangerang,25 sold,4.3,(11)
93,SEPATU RUNNING OLAHRAGA JOGGING HOKA SEPATU HOKA ONE ONE CARBON X2 PRIA/WANITA,Rp120.000,Kota Jakarta Selatan,,1.0,(1)
94,PROMO ! Sepatu Running Zumba Lari Wanita HK One One Elevon 2 Mental Health Tersedia Size 37 Sampai 45 ( COD ),Rp217.000,Kab. Karawang,7 sold,5.0,(4)
95,LANGSUNG KIRIM! SEPATU RUNNING NEXT A1r Z00M X N3XT% VAP0RFLY GREEN WHITE BLUE BLACK LARI OLAHRAGA JOGGING,Rp200.000,Kab. Karawang,14 sold,3.7,(9)
96,Caps | Sepatu Lari Pria Nuevo Soars XI Olahraga Running Pria,Rp176.500,Kota Jakarta Barat,,1.0,(1)
97,PROMO MENARIK!! Sepatu Running 910 Nineten Hiroshi - Sepatu Running - Sepatu Lari Pria Dan Wanita,Rp182.000,Kab. Tangerang,33 sold,5.0,(17)
98,promo sepatu lari wanita /sepatu nb wanita/sepatu joging wanita/sepatu senam wanita,Rp145.000,Kab. Tangerang,349 sold,4.5,(108)
99,PROMO SALE!!! SEPATU RUNNING/LARI NINETEEN 910 HAZE INFIXNIT 1.0/TERLARIS HARGA TERJANGKAU BISA COD SELURUH INDONESIA,Rp167.000,Kab. Tangerang,20 sold,5.0,(11)
100,Promo Sale !!! Sepatu Running Ortuseight Hyperblast 2.0 - Sepatu Running - Sepatu Running Pria Dan Wanita  Sepatu olahraga,Rp108.000,Kab. Tangerang,25 sold,4.3,(14)
101,SEPATU RUNNING ORTUSEIGHT HYPERGLIDE 3.1 black ortrange sepatu lari ortuseight hyperglide 3.1 sepatu lari pria wanita,Rp143.000,Kab. Tangerang,5 sold,4.0,(2)
102,GRATIS ONGKIR !!! SEPATU LARI RUNNING ORTUSEIGHT HYPERGLIDE 3.0 3 WARNA TERBARU,Rp150.000,Kab. Tangerang,42 sold,3.9,(15)
103,COD Ortuseight Sepatu Olahhraga Marathon/Running Hypersonic 2.0 - White/Ortrange,Rp116.900,Kota Jakarta Selatan,,1.0,(1)
104,Sepatu Runnning Pria Trendy Terbaru,Rp35.100,Kab. Bogor,1.3K sold,4.5,(443)
105,Sepatu Running Ortuseight Hyperdrive 2.0 / Sepatu Lari Pria / Sepatu Olahraga,Rp170.000,Kab. Tangerang,12 sold,5.0,(2)
106,Sepatu Wanita Sneakers Fashion Sport Terbaru virall 2024,Rp30.000,Kab. Bogor,1.6K sold,4.3,(368)
107,SP58 Sepatu olahraga pria cowok cowo sekolah sport lari hitam putih,Rp24.500,Kab. Bogor,18 sold,4.6,(8)
108,S39 Sepatu olahraga pria cowok cowo sekolah lari murah hitam putih,Rp29.500,Kab. Bogor,11 sold,3.0,(1)
109,S49 Sepatu olahraga pria cowok cowo sekolah sport lari murah hitam putih,Rp29.500,Kab. Bogor,9 sold,4.0,(4)
110,Sepatu Wanita /Sepatu Sneakers Wanita Sport Fashion FAHIN. Barabere,Rp30.000,Kab. Bogor,88 sold,3.9,(28)
111,Sepatu running hoka roket X2 versi murah sepatu lari uniseks,Rp139.000,Kab. Tangerang,192 sold,4.0,(55)
112,SEPATU LARI PRIA WANITA HOKA ONE ONE CARBON X2 SEPATU RUNNING/GYM HOKA HOKA 2025,Rp125.000,Kota Jakarta Selatan,,,
113,Sepatu Olahraga Running Pria dan Wanita Sepatu  Sporty Trendi Kekinian dan Terbaru Sepatu Dewasa,Rp43.000,Kota Bogor,39 sold,4.0,(13)
114,Sepatu Running Lari Pria Trendy Terbaru,Rp90.999,Kab. Tangerang,24 sold,4.6,(8)
115,PALING LARIS!!!Sepatu Lari Hoka Clifton 9 Sepatu Running Hoka one Clifton 9 Gore Tex Terbaru,Rp149.500,Kab. Tangerang,63 sold,4.0,(15)
116,Ortuseight Sepatu Running Putih Merah Hyperglide 2.0 Marvel Sepatu Lari Sepatu running Pria & Wanita,Rp96.000,Kab. Tangerang,,5.0,(0)
117,PROMO  | COD - SEPATU RUNNING 910 NENETEN HAZE INFIKNIT 1.0,Rp160.000,Kab. Tangerang,157 sold,3.0,(60)
118,SEPATU LARI PRIA WANITA HOKA HOKA ONE ONE CARBON X2 SEPATU RUNNING/GYM HOKA HOKA JOGGING,Rp75.000,Kab. Tangerang,20 sold,4.5,(5)
119,Sepatu Running Ortuseight Ortus Solar Pria Wanita Eclipse Hyperblast Hyperglide Lari Jogging,Rp115.300,Kab. Tangerang,72 sold,4.7,(31)
120,Potongan Harga spesial sepatu running lari new model terbaru bisa C O D,"Rp204,000",Kab. Karawang,15 sold,5.0,(9)
121,DISKON HEBOH!!SEPATU RUNNING 910 NENETEN HAZE INFIKNIT 1.0 BISA COD,"Rp163,587",Kab. Tangerang,32 sold,4.5,(19)
122,Sepatu Lari Wanita Hoka Clifton9 (Running Shoes) Sepatu Olahraga Lari Wanita Terbaru,"Rp149,990",Kab. Tangerang,5 sold,5.0,(3)
123,SEPATU OLAH RAGA RUNING XPREME SPEED X HITAM TOSCA - SEPATU SEKOLAH - SEPATU LARI PRIA WANITA - SEPATU SPORT MURAH,"Rp174,600",Kab. Tangerang,139 sold,4.6,(58)
124,PROMO 6.6 Diadora Neiva Women's Running Shoes Sepatu Lari Wanita Terbaru - Purple,"Rp185,000",Kab. Tangerang,,5.0,(0)
125,Sepatu running specs coanda pria dan wanita sepatu lari terbaru sepatu olahraga pria terbaru,"Rp155,000",Kab. Tangerang,78 sold,4.6,(24)
126,[PROMO TERMURAH] SEPATU LARI RUNNING ORTUSEIGHT HYPERBLAST 2.0 WHITE CYAN - SEPATU OLAHRAGA- SEPATU JOGGING PRIA WANITA,"Rp120,000",Kab. Tangerang,142 sold,3.5,(34)
127,Sepatu Lari Pria dan Wanita Ortuseight Hyperglide 2.0 Grade A Termurah dan Terlaris,"Rp135,800",Kota Jakarta Barat,7 sold,5.0,(3)
128,910NINETEN - HAZE 1.5 ABU MUDA PUTIH BIRU SEPATU LARI,"Rp149,999",Kab. Tangerang,,,
129,910 Nineten AURORUN Sepatu Lari - NAVY/UNGU /BIRU Running Shoes - 39,"Rp160,000",Kab. Tangerang,,,
130,NEW SEPATU LARI PRIA DAN WANITA RUNNING JALAN OLAHRAGA TRENDI SEPATU JOGING SANTAI BAYAR DITEMPAT  GRATIS ONGKIR,"Rp190,000",Kab. Tangerang,41 sold,5.0,(14)
131,HOT!!! Hyperglide men women running sports shoes 2.0 unisex shoes can cod,"Rp126,100",Kab. Tangerang,309 sold,4.6,(99)
132,SEPATU OLAHRAGA NB WANITA/SEPATU NEW BALANACE CEWEK/SEPATU AEROBIK CEWEK/SEPATU ZUMBA CEWEK/SEPATU SENAM CEWEK/SEPATU OLAHRAGA CEWEK,"Rp138,900",Kab. Tangerang,1.6K sold,4.7,(503)
133,sepatu running wanita sepatu lari hoka clifton 9 bisa untuk senam aerobik gym zumba sepatu olahraga,"Rp159,000",Kab. Tangerang,137 sold,4.8,(47)
134,SEPATU OLAHRAGA NOVALBLAST 4/SEPATU OLAHRAGA CEWEK,"Rp166,000",Kab. Tangerang,42 sold,4.9,(11)
135,"PROMO SPESIAL Sepatu SPRINT Sepatu lintasan dan lapangan baru Sepatu lari sprint runcing lintasan dan lapangan spike profesional yang ringan, lembut dan nyaman","Rp212,000",Kab. Karawang,,5.0,(2)
136,Sepatu Saganext LACERTA running pria wanita,"Rp119,000",Kota Mojokerto,162 sold,4.6,(66)
137,Terbaru Ortuseight Sepatu olahraga Lari/marathon Running Hyperfuse 3.0 - White blue,"Rp99,900",Kab. Tangerang,,4.0,(1)
138,PUMA Sepatu Lari Rajut Uniseks SOFTRIDE Carson,"Rp719,100",Kota Bekasi,56 sold,5.0,(30)
139,PROMO 100!!!Sepatu Lari Hoka Clifton 9 Gore Tex Kuning Sepatu Running Hoka Wanita Sepatu Murah,"Rp150,000",Kab. Tangerang,6 sold,5.0,(1)
140,PROMO TERLARIS DAN ERMURAH Sepatu Ortuseigh Putih Abu Runing Pria Ortuz Eight Lari Running Cowok 38-43,"Rp75,000",Kab. Tangerang,,1.0,(2)
141,"Diskon Harga Sepatu Track and field spikes sprint spikes lari lompat jauh sepatu lari lompat tiga kali sepatu pelatihan terbaru bisa c,o,d.....","Rp200,000",Kab. Karawang,,,
142,DISKON!  TERMURAH SEPATU OLAHRAGA SNEAKERS VOLLY UNISEX KEREN KUALITAS SUPER HIGHT QUALITY BAHAN PREMIUM COCOK DI GUNAKAN OLAHRAGA DAN KULIAH,"Rp249,700",Kab. Tangerang,51 sold,4.9,(15)
143,DAVIS sepatu running pria wanita terbaru model RAINBOW size 39-43 made in indonesia,"Rp130,000",Kab. Mojokerto,55 sold,4.8,(15)
144,Sepatu hoka mach pria sepatu running pria terbaru sepatu olahraga lari cowok,"Rp150,000",Kab. Tangerang,284 sold,4.7,(92)
145,PROMO!! Sepatu Lari Ortuseight Running Hyperglide 2.0 Pria&Wanita Bisa Cod/Bayar Ditempat sepatu olahraga,"Rp128,000",Kab. Tangerang,,,
146,Sepatu Running Ortuseight Solar Sport Olahraga Lari Ortus Pria Wanita Cowok Cewek Eclipse Penumbra,"Rp115,850",Kab. Tangerang,50 sold,4.6,(16)
147,Hot Promo Sepatu Olahraga Running Pria Wanita Ortuseight  HYPERGLIDE 3.0,"Rp211,987",Kab. Tangerang,9 sold,,
148,Sepatu Pria High Top Bruce WTH sepatu pria keren terbaru 2023 sepatu lari sepatu jogging sepatu sekolah sepatu putih sepatu hitam sepatu import sepatu fashion pria sepatu keren sepatu anak laki laki sepatu dewasa sepatu anak sepatu sneakers pria,"Rp65,000",Kab. Bogor,70 sold,5.0,(4)
149,Ortuseight Sepatu Marathon/ Running Hypersonic 2.0 white/ortrange,"Rp290,000",Kab. Tangerang,8 sold,4.0,(3)
150,Sepatu Sports Under Armour Men's Project Rock 5 Training Shoes,"Rp314,500",Kab. Cilacap,13 sold,,
151,SEPATU LARI ORTUSEIGHT HYPERFUSE 3.0 SEPATU LARI OLAHRAGA SNEAKERS MENS WOMEN,"Rp199,800",Kab. Tangerang,27 sold,4.0,(15)
152,99% big discount!!! 2025 new adult men's volleyball sports shoes premium quality 100% bnib free socks Boys Girls running shoes volleyball balistic netburner MT3 squeaky soft,"Rp139,000",Kab. Tangerang,16 sold,3.0,(4)
153,SEPATU RUNNING 910 NINETEN HIROSHI - 910 NINETEN HIROSHI RN LITE ORIGINAL 100% NINETEN INDONESIA,"Rp211,000",Kab. Bogor,15 sold,3.0,(4)
154,Sepatu Sneaker Sporty Pria Dan Wanita Dewasa Sepatu Lari Kekinian Dan Terbaru Sepatu Sekolah,"Rp43,000",Kota Bogor,24 sold,4.0,(6)
155,Sepatu running hoka mach 5 wanita sepatu lari cewek bisa untuk senam gym zumba aerobik,"Rp119,000",Kab. Tangerang,22 sold,5.0,(4)
156,"Ortuseight Sepatu Running Hyperglide 3.1 - White Cyan, 42 READY STOCK","Rp150,000",Kab. Tangerang,45 sold,3.0,(20)
157,New Diadora Nevan Women's Running Shoes - Pink Sepatu Lari Wanita Terlaris Bisa Cod,"Rp185,000",Kota Jakarta Timur,,,
158,SEPATU RUNNING HOKA HOKA ONE CARBON X2 - SEPATU GYM- SEPATU OLAHRAGA CARBON PUTIH WANITA PRIA DEWASA Trendy.,"Rp134,500",Kab. Tangerang,97 sold,3.7,(31)
159,12.12 festival sale!! A51C New in box ballistic netburner women's volleyball shoes A51C gel grade premium 100% quality running shoes-A51C Volly premium 2025-squeaking volleyball shoes-man and woman volleyball shoes,"Rp91,000",Kab. Tangerang,86 sold,4.0,(27)
160,Sepatu Sneakers Pria Untuk Lari Sneakers Sepatu Running Bisa Cod Variasi 3 Warna Sepatu Sport,"Rp20,304",Kab. Bogor,54.0K sold,4.6,(19091)
161,Sepatu Joging Running Sneaker terbaru pria dan wanita ABB520,"Rp29,900",Kab. Bogor,351 sold,4.0,(82)
162,PROMO SEPATU NB 574 TERBARU/SEPATU OLAHRAGA PRIA/SEPATU NEW BALANACEE 574 PRIASEPATU LARI PRIA/SEPATU JOGING PRIA/SEPATU OLAHRAGA PRIA/SEPATU PRIA TERBARU/sepatu new balance pria terbaru/sepatu nb pria/sepatu new balance 997 pria terlaris/new balance,"Rp100,000",Kota Jakarta Selatan,50 sold,4.0,(7)
163,Sepatu Running 910 Nineteen Aurorun Sepatu Olahraga Lari / Running Pria Wanita Unisex,"Rp155,000",Kab. Tangerang,,,
164,Tas hydropack ELBRUZZE hiking TEKTOKAN tas lari running TRAIL tas bersepeda monstan outdoor,"Rp85,300",Kab. Tangerang,11 sold,4.0,(4)
165,COD Sepatu Lari Adizero Adios Pro 3 Premium Quality,"Rp175,000",Kab. Bogor,,,
166,Sepatu Running Ortuseight Hyperblast 2.0 Black Purple -Sepatu Olahraga Lari Pria Wanita - Sepatu Jogging - Sepatu Terlaris Terkini,"Rp120,000",Kab. Tangerang,90 sold,3.6,(24)
167,910 Nineten Haze 1.5 Sepatu Lari - Hitam/Abu/Merah,"Rp165,700",Kab. Tangerang,28 sold,5.0,(1)
168,PROMO TERBATAS!! SEPATU LARI RUNNING ORTUSEIGHT HYPERGLIDE 2.0 SEPATU OLAHRAGA PRIA WANITA TERBARU(SIAP KIRIM!),"Rp96,000",Kota Jakarta Pusat,108 sold,4.0,(34)
169,SEPATU RUNNING ORTUSEIGHT HYPERFUSE 2.0 SEPATU JOGING PRIA WANITA,"Rp109,759",Kab. Tangerang,,5.0,(1)
170,Ortuszeight Sepatu Running Hyperglidee 3.1 White Cyan | Sepatu Lari Olahraga Outdoor Pria Wanita,"Rp137,000",Kota Palembang,,,
171,SEPATU LARI PRIA WANITA HOKA HOKA ONE ONE CARBON X2 SEPATU RUNNING/SEPATU OLAHRAGA KEKINIAN,"Rp95,000",Kab. Tangerang,27 sold,3.6,(17)
172,SEPATU MIZUNO CYCLONE2 - SEPATU LARI MIZUNO - SEPATU OLAHRAGA MIZUNO - SEPATU RUNNING - SEPATU BADMINTON - SEPATU OLAHRAGA PRIA - SEPATU VOLI - SEPATU VOLLY MIZUNO,"Rp145,000",Kab. Tangerang,230 sold,4.6,(70)
173,SEPATU LARI PRIA FASHION LUAR NEGRI SNEAKERS OLAHRAGA VOLLY TRENDY IMPORT,"Rp70,000",Kab. Mojokerto,2.0K sold,4.6,(443)
174,Lagi Promo Sepatu Running Ortuseight Hyperglide 3.0 White Orted,"Rp195,000",Kab. Tangerang,6 sold,4.2,(5)
175,sepatu  wanita sepatu olahraga wanita sepatu senam joging lari bisa bayar di tempat,"Rp22,000",Kab. Bogor,,5.0,(9)
176,DAVIS sepatu running pria model terbaru Tipe RAINBOW size 39-43 made in indonesia,"Rp130,000",Kab. Mojokerto,31 sold,5.0,(6)
177,SEPATU LARI PRIA WANITA HOKA ONE ONE CARBON X2 SEPATU RUNNING/GYM HOKA HOKA,"Rp128,000",Kab. Tangerang,,,
178,SEPATU UNDER ARMOUR UA MEN'S HOVR PHANTOM 3 REFLECT RUNNING TRAINING,"Rp316,599",Kota Bandung,,,
179,PROMO TERLARIS DAN ERMURAH Ortuseight Sepatu Running Hyperglide 2.0 Full White Wave SE Original / Sepatu Lari / Sepatu Running Pria Dan Wanita / BAYAR DI TEMPAT,"Rp135,000",Kab. Tangerang,,,
180,"Sepatu lari running ortuseight Hyperglide 2.0 Best seller sepatu jogging outdoor pria Outdoor ortus sepatu karbon sepatu olah raga sepatu lari pria wanita - Biru Oren, 40","Rp155,000",Kab. Tangerang,,,
181,Sepatu Lari Pria On Cloudflow 4 Pearl Black,"Rp273,690",Kota Bandar Lampung,,,
182,Sepatu Running Ortuseight HyperBlast 2.0 - Sepatu Lari - Ortuseight - Running Pria & Wanita,"Rp120,000",Kab. Tangerang,17 sold,3.0,(10)
183,Sepatu Sneakers Olahraga Wanita Import Gaya Santai Sporty,"Rp159,000",Kab. Tangerang,313 sold,4.7,(100)
184,SEPATU RUNING 910 NINETEN HAZE INFIKNIT 1.0 - 910 NINETEN HAZE INFIKNIT 2.0 - HAZE 1.5 100%,"Rp137,000",Kota Jakarta Selatan,,2.0,(2)
185,DAVIS sepatu running model kekinian Terbaru tipe RAINBOW size 39-43 made in indonesia,"Rp130,000",Kab. Mojokerto,53 sold,4.8,(12)
186,S61 Sepatu olahraga pria cowok cowo sekolah sport lari murah hitam putih,"Rp26,900",Kab. Bogor,9 sold,4.3,(3)
187,TERLARIS!!! Sepatu Olahraga Running Pria Wanita Hyperglide 2.0 Sepatu Unisex Bisa Cod,"Rp99,000",Kab. Tangerang,60 sold,4.8,(24)
188,S43 Sepatu olahraga pria cowok cowo sekolah sport lari murah hitam putih,"Rp29,500",Kab. Bogor,,,
189,Sepatu Lari Pria On Cloud 5 Asphalt Magnet Waterproof Running Shoes Men,"Rp264,258",Kota Jakarta Selatan,,,
190,SP56 Sepatu olahraga pria cowok cowo sekolah sport lari hitam putih,"Rp24,500",Kab. Bogor,40 sold,4.3,(12)
191,SP007 BISA COD Sepatu pria cowok cowo sekolah olahraga sport senam joging jogging sneakers,"Rp19,600",Kab. Bogor,6.1K sold,4.6,(1882)
192,SP57 Sepatu olahraga pria cowok cowo sekolah sport lari hitam putih,"Rp24,500",Kab. Bogor,11 sold,5.0,(3)
193,Sepatu Ortuseight Hyperglide 3.1 White/Cyan Grey/Ortrange Running Olahraga Termurah,"Rp150,000",Kab. Tangerang,33 sold,4.7,(11)
194,SEPATU NB 997 WANITA TERBARU/ SEPATU NEW BALANACEE 997 WANITA/SEPATU OLAHRAGA WANITA/SEPATU SPORT WANITA/SEPATU LARI WANITA/SEPATU SENAM/SEPATU JOGING/SEPATU NEW BALANCE,"Rp134,000",Kab. Tangerang,146 sold,4.6,(48)
195,Sepatu running pria Hoka match 5 sepatu olahraga pria terbaru,"Rp160,000",Kab. Tangerang,659 sold,4.7,(207)
196,SEPATU LARI PRIA WANITA HOKA HOKA ONE ONE CARBON X2 SEPATU RUNNING/GYM HOKA HOKA JOGGING SENAM,"Rp135,500",Kab. Tangerang,11 sold,5.0,(3)
197,"SEPATU RUNNING ORTUSEIGHT HYPERGLIDE 2.0 MENS/SEPATU LARI/SEPATU SENAM PRIA/SEPATU JOGING/sepatu Running Ortuseight - blue cyan, 39","Rp155,000",Kab. Tangerang,,,
198,SEPATU OLAHRAGA VOLI BASKET TENIS BADMINTON LARI JOGGING MARATHON,"Rp185,800",Kab. Tangerang,,,
199,Sepatu  Sneakers Sepatu Lari Anak Sekolah Kuliah Kerja Nyaman Harga Terjangkau,"Rp95,000",Kab. Bandung,28 sold,4.7,(6)
200,Flash sale!! Sepatu Sneakers Olahraga Lari Pria Ortuseight Hyperblast 2.0 Ukuran 39 sampai 43 Warna Abu yellow Ringan Dipakai Beraktivitas Outdoor Indoor Terbesseler,"Rp129,300",Kab. Tangerang,25 sold,5.0,(9)
201,SEPATU VOLI PRIA TERLARIS - SEPATU VOLLY BALL COD - SEPATU OLAHRAGA PRIA - SEPATU SNEAKERS OLAHRAGA PRIA - SEPATU LARI PRIA TERLARIS - SEPATU BADMINTON PRIA - SEPATU OLAHRAGA PRIA WANITA,"Rp110,000",Kota Jakarta Pusat,351 sold,3.9,(14)
202,Terlaris!! Sepatu Olahraga Lari Pria Ortuseight Hyperglide 2.0 Abu Abu List Kuning Unisex Sepatu Running  Tersedia Ukuran 39-43 Gratis Ongkir,"Rp129,500",Kab. Tangerang,261 sold,4.3,(102)
203,"NEW | SEPATU LARI RUNNING ORTUSEIGHT HYPERBLAST 2.0 SHADOW BLACK,40","Rp160,000",Kab. Tangerang,,,
204,910 NINETEN Aurorun Putih Navy Biru - Sepatu Olahraga Lari Running,"Rp160,000",Kab. Tangerang,,,
205,TERLARIS!! Sepatu Lari Unisex Ortuseight Hyperblast 2.0 Sepatu Running Olahraga Pria Wanita Dewasa Ukuran 39 40 41 42 dan 43 Ringan digunakan Olahraga Outdoot dan Indoor Termurah,"Rp137,000",Kota Palembang,,,
206,Eagle Sepatu Lari Eterna - Running Shoes,"Rp209,099",Kota Jakarta Pusat,,,
207,SEPATU RUNNING ORTUSEIGHT SOLAR 1.1 TERBARU DAN TERLARIS BISA COD SELURUH INDONESIA BURUAN DI CEK OUT SEBELUM KEHABISAN READY SIZE 38/44,"Rp167,999",Kab. Tangerang,34 sold,2.6,(7)
208,Sepatu Lari Best Seller ORTUSEIGHT HYPERGLIDE 3.1 - Sepatu Olahraga Pria Wanita Unisex Terbar,"Rp140,000",Kab. Tangerang,,,
209,Sepatu Sneakers Casual Running Olahraga Lari Wanita Cewek Remaja Warna Putih Ungu Biru Keren Premium Nyaman Empuk Viral Termurah Terlaris Model Modern Terbaru Kekinian 2024 Bisa COD,"Rp150,000",Kota Bekasi,,4.0,(1)
210,Sepatu Lari Wanita Hoka Atr 7 (Running Shoes) Sepatu Olahraga Lari Wanita Terbaru,"Rp149,990",Kab. Tangerang,,,
211,Ortuseight Sepatu Marathon/Running Hypersonic 2.0 White/ortrange,"Rp284,500",Kab. Tangerang,10 sold,2.7,(6)
212,PROMO PUNCAK - Sepatu Running 910 Nineten Haze Vision 1.0 - Sepatu Lari Pria & Wanita,"Rp165,500",Kab. Lampung Tengah,,,
213,DISKON 75 % Sepatu Lari/Sepatu Joging Murah Dan Nyaman Saat di Pakai sepatu sport pria wanita,"Rp121,599",Kab. Tangerang,47 sold,4.3,(21)
214,Ortuseight Sepatu Lari/Running Hyperblast 2.1 - White/Camo,"Rp250,000",Kota Jakarta Timur,,,
215,Sepatu Olahraga NB Sneakers Running New Balance3 1500 White Kasual Sporty Premium Sepatu Lari NB New,"Rp166,500",Kab. Tangerang,13 sold,4.7,(9)
216,Promo [ 3. 3 [ Sepatu Casual Running Pria Sneakers Ortus Eight Hyperglide 3.0 Light Grey Sepatu Olahraga Lari Santai,"Rp125,000",Kab. Tangerang,80 sold,3.9,(10)
217,Ortuseight hyperdirive 2.0 sepatu running pria olahraga outdoor lari,"Rp159,000",Kab. Tangerang,20 sold,4.7,(7)
218,Sepatu Running Ortuseight Hyperglide 3.1 Black Ortrange Sneakers Pria Wanita Olahraga Lari Outdoor,"Rp135,000",Kab. Tangerang,,,
219,TERMURAH SEPATU RUNNING NINETEN HAZE INFIKNIT 1.0 - SEPATU RUNNING HAZE INFIKNIT 2.0 - PRIA,"Rp215,000",Kota Tangerang,81 sold,4.3,(16)
220,sepatu running sepatu lari sepatu tipe novablask sepatu joging pria dan wanita,"Rp116,000",Kab. Tangerang,14 sold,2.0,(2)
221,sepatu lari pria sepatu running sepatu olahraga pria Noval Blast,"Rp105,000",Kab. Tangerang,66 sold,4.7,(28)
222,PUMA Sepatu Lari Slip-on Softride Astro,"Rp209,099",Kota Jakarta Pusat,,,
223,Vanderzu ZX3 Anak Navy Lis Stabilo Sepatu Sneaker Olahraga Lari Anak Laki Laki Perempuan Runni ng Shoes,"Rp116,399",Kab. Tangerang,,4.0,(1)
224,BIG PROMO!!SEPATU RUNNING NINETEN HAZE INFIKNIT 1.0 - SEPATU RUNNING HAZE INFIKNIT 2.0 - PRIA,"Rp166,377",Kab. Tangerang,22 sold,5.0,(11)
225,promo discon SEPATU RUNNING PRIA NEW BALANCE FUEL CELL V2 TRAINER SUPER COMP - SEPATU SPORT PRIA - SEPATU OLAHRAGA PRIA SPORT - SEPATU NB PRIA WANITA - SEPATU SENAM GYM PRIA,"Rp298,000",Kota Jakarta Barat,,,
226,Sepatu Running 910 Nineten Aurorun - Sepatu Olahraga Pria Wanita [READY STOK],"Rp120,000",Kab. Tangerang,,5.0,(2)
227,Orig!nal Sepatu New Balance Fresh Foam X Hierro v8 Mens Trail Running Shoes - Dark Olivine,"Rp303,999",Kab. Cianjur,19 sold,,
228,Sepatu Lari Ortuseigt Hyperglide 2.0 Unisex Anti Selip Bahan Empuk dan Ringan Grade Premium,"Rp145,000",Kota Jakarta Selatan,,,
229,Sepatu Ortuseight Sepatu Lari/Running Hyperblast 2.0 Shadow - Vantablack Sepatu Olahraga Pria Wanita Terbaru Unisex,"Rp120,000",Kab. Tangerang,,,
230,Ardiles Trail Gerbera 2.0 Sepatu Lari - Coffee - Grey - Navy,"Rp209,099",Kota Jakarta Pusat,,,
231,PROMO CUCI GUDANG SEPATU PRIA SPORT SEPATU PRIA OLAHRAGA SEPATU PRIA LARI SEPATU PRIA JOGGING SEPATU PRIA TERBARU,"Rp53,500",Kab. Bogor,262 sold,4.5,(99)
232,Sepatu Mizuno Wave Lighting Low Murah /Sepatu Voli Wave Lighting Z2 Blue Green /Sepatu Mizuno Volly Ball /Sepatu Volly Mizuno /Sepatu Volly Wave Momentum /Sepatu Sneakers Pria Wanita /Sepatu Olahraga Pria /Sepatu Voli Pria /Sepatu Wlz 2021,"Rp135,000",Kab. Tangerang,699 sold,4.0,(157)
233,PROMO ! SEPATU RUNNING ATAU LARI OLAHRAGA JOGONG SENAM SEPATU LARI PRIA TERSEDIA SIZE 37 SAMPAI 45 ( COD ),"Rp212,000",Kab. Karawang,,5.0,(2)
234,SP63 Sepatu olahraga pria cowok cowo sekolah sport lari hitam putih,"Rp24,500",Kab. Bogor,,,
235,Caps | NUEVO Wilmax White Purple Orange Sepatu Running Pria Sepatu Sneakers Olahraga Lari Pria,"Rp177,000",Kota Jakarta Barat,,1.0,(2)
236,HOKA TRIPLE PAS ONE CARBON X 2 RUNNING SHOES SEPATU RUNNING LARI PRIA DAN WANITA,"Rp142,000",Kab. Tangerang,,,
237,ortus sepatu running olahraga cowok cewek terbaru sepatu sneaker ortus black white termurah,"Rp90,999",Kab. Tangerang,5 sold,5.0,(2)
238,"Sneakers terbaru putih polos, sepatu pria wanita putih polos, sepatu jogging putih, sepatu sport putih, sepatu kerja putih, sepatu senam wanita putih, sepatu lari putih","Rp99,999",Kab. Tangerang,159 sold,4.9,(56)
239,Sepatu Sports Under Armour Men's UA Charged Edge Training Shoes,"Rp312,800",Kab. Cilacap,15 sold,,
240,BISA COD Ortuseight Sepatu Lari/Running Hyperblast 2.1 - White/Camo,Rp155.000,Kab. Tangerang,27 sold,2.6,(10)
241,Promo Termurah SEPATU LARI RUNNING - 910 NINETEN ULTRA EKIDEN 1.0,Rp205.000,Kab. Bekasi,37 sold,2.0,(12)
242,Sepatu Running Ortuseight Hyperblast 2.0 Sintetis,Rp106.700,Kab. Tangerang,10 sold,5.0,(2)
243,Sepatu Running Hoka Goretex Wanita Terbaru Sepatu Lari Hoka Clifton Goretex  Wanita Terbaru Paling Banyak Dicari,Rp65.500,Kab. Tangerang,28 sold,5.0,(6)
244,SEPATU OLAHRAGA LARI PRIA 0RTUSEIGHT HYPERGLIDE 3.0 WHITE ORTED NAVY KETS RUNNING TRENDY UNISEX,Rp99.900,Kab. Tangerang,38 sold,4.0,(16)
245,SPOTEC UPTOWN | Sepatu Running | Sepatu Lari | Sepatu jogging,Rp246.415,Kota Palembang,12 sold,5.0,(6)
246,SEPATU RUNNING ORTUSEIGHT HYPERBLAST SHADOW - VANTABLACK - 40  SIAP KIRIM,Rp150.000,Kab. Tangerang,23 sold,3.8,(9)
247,sepatu joging ringan sepatu lari pria sepatu olahraga seport fashions,Rp87.900,Kota Serang,7 sold,5.0,(4)
248,Sepatu Lari Sneakers Wanita Sport Shoes Sepatu Casul Olahraga Cewek Modis Sepatu Elegan Wanita Terbaru 2024,Rp55.000,Kab. Bogor,475 sold,4.6,(107)
249,sepatu olahraga#pakaian olahraga pria#sepatu lari pria,Rp94.900,Kab. Tangerang,391 sold,4.6,(145)
250,Promo Sepatu Lari Pria Zevil Hitam Hijau Sneakers Running Shoes Casual Cowok Bayar Di Tempat,Rp145.000,Kab. Garut,1.6K sold,4.6,(586)
251,ZACKELFI sepatu sneakers full hitam polos pria wanita shoes laki perempuan sepatu lari runing sepatu sekolah size 35 - 44,Rp60.000,Kab. Sidoarjo,33 sold,4.2,(10)
252,Tempuny Collection -  Sepatu Pria Terbaru Trandy Sepatu Olahraga BISA COD,Rp22.500,Kab. Bogor,19.5K sold,4.6,(6700)
253,Sepatu Pria Wanita Sneakers Jogging Terbaru Sepatu Pria Keren MS42,Rp49.955,Kab. Bogor,19 sold,4.8,(9)
254,Sepatu Pria Wanita Running Sport Olahraga /Sepatu Voly /Sepatu Lari,Rp50.963,Kab. Bogor,30 sold,4.0,(2)
255,PROMO TERMURAH Ortuseight Sepatu Running Hyperglide 2.0 Full White Wave SE 0riginal / Sepatu Lari / Sepatu Running Pria Dan Wanita / BAYAR DI TEMPAT DAN TERBARU,Rp85.000,Kab. Tangerang,11 sold,5.0,(3)
256,BLANX.CO - One Series Hitam Biru - Sepatu Lari Pria | Running Shoes Sepatu Olahraga Pria,Rp155.000,Kab. Tangerang,34 sold,3.8,(18)
257,SEPATU RUNNING HOKA HOKA ONE CARBON X2 SEPATU OLAHRAGA CARBON PUTIH WANITA PRIA DEWASA,Rp95.000,Kota Jakarta Pusat,14 sold,4.0,(10)
258,MP56 Sepatu Running Pria Sport Shoes,Rp98.000,Kota Tangerang,20 sold,4.7,(3)
259,PROMO CUCI GUDANG SEPATU PRIA SPORT SEPATU PRIA OLAHRAGA SEPATU PRIA LARI SEPATU PRIA JOGGING SEPATU PRIA TERBARU,Rp52.500,Kab. Bogor,65 sold,4.7,(29)
260,Sepatu Olahraga Wanita Size 36 - 40. Sepatu Badminton YNX Velo 100,Rp120.000,Kab. Mojokerto,85 sold,4.7,(31)
261,SEPATU OLAHRAGA CEWEK/SEPATU NBb WOMENS/SEPATU NEW BALANACEEE CEWEK/SEPATU SNEAKERS WANITA TERBARU/SEPATU CEWEK TERMURAH,Rp145.000,Kab. Tangerang,801 sold,4.8,(238)
262,sepatu olahraga volly mizuno thandersblade wanita/sepatu mizuno thundersblade/sepatu volly pria/sepatu senam wanita/sepatu sport terkini/sepatu volley wanita/sepatu lari wanita,Rp99.000,Kab. Tangerang,496 sold,4.7,(112)
263,SEPATU LARI RUNNING ORTUSEIGHT HYPERGLIDE 2.0 SEPATU OLAHRAGA PRIA WANITA TERBARU !!!,Rp124.000,Kab. Tangerang,158 sold,4.3,(59)
264,SEPATU OLAHRAGA NB 999/SEPATU OLAHRAGA CEWEK/SEPATU JOGING CEWEK/SEPATU LARI WANITA/SEPATU SENAM WANITA/SEPATU ZUMBA CEWEK,Rp139.900,Kab. Tangerang,186 sold,4.0,(66)
265,SH30K sepatu olahraga pria cowok cowo sekolah sport sneakers lari murah hitam putih,Rp29.500,Kab. Bogor,9 sold,4.0,(2)
266,COD Sepatu Sneakers Olahraga Pria Fashion Ston Sepatu Jalan Pria Sepatu Lari Pria,Rp36.500,Kab. Bogor,,,
267,Sepatu Volly SKY ELLITE / Sepatu Voli Mizuno/Sepatu Volly Mizuno/Sepatu Volley Mizuno/Sepatu Olahraga Pria/Sepatu Lari Pria/Sepatu Voli Volly Volleyball,Rp325.000,Kab. Tangerang,2.0K sold,4.8,(716)
268,Sepatu Voli Pria Metarise Olahraga Volly Premium Murah,Rp153.100,Kab. Tangerang,284 sold,4.5,(32)
269,Eagle Sepatu Lari Run Rider - Running Shoes Outdoor,Rp303.905,Kota Tangerang,517 sold,4.9,(299)
270,Sepatu Pria Keren Best Seller Sepatu Sneakers Pria Terbaru Sepatu Olahraga Sepatu Sekolah Tali,Rp36.500,Kab. Bogor,,3.0,(1)
271,SH32H sepatu pria cowok cowo olahraga sekolah sport sneakers lari murah dewasa hitam putih,Rp29.500,Kab. Bogor,13 sold,3.3,(3)
272,Sepatu Sneakers Pria Olahraga Sepatu Cowok Lari Shoes Jogging Kekinian White MS40,Rp49.955,Kab. Bogor,12 sold,4.3,(2)
273,SP43 SEPATU OLAHRAGA PRIA COWOK COWO SEKOLAH SPORT LARI HITAM PUTIH,Rp29.500,Kab. Bogor,,4.7,(3)
274,Eagle Sepatu Lari Fury – Running Shoes,Rp279.272,Kota Tangerang,66 sold,4.9,(33)
275,Sepatu Olahraga Pria Wanita Fashion Casual Terbaru / Sepatu Lari / Sepatu Sekolah,Rp49.955,Kab. Bogor,,,
276,SP44 SEPATU OLAHRAGA PRIA COWOK COWO SEKOLAH SPORT LARI HITAM PUTIH,Rp29.500,Kab. Bogor,7 sold,3.0,(2)
277,Sepatu Sneaker Pria Wanita Running Casual Sporty MS03,Rp49.955,Kab. Bogor,12 sold,4.0,(4)
278,Sepatu sneakers pria keren terbaru 2023 sepatu olahraga pria sepatu lari pria sepatu pria cocok buat santai sepatu pria bisa bayar ditempat,Rp49.000,Kab. Bogor,24 sold,2.9,(10)
279,Sepatu Olahraga Pria RBK VR3 Terlaris Sepatu Lari Badminton Voli Size 39-43,Rp69.800,Kab. Mojokerto,1.1K sold,4.8,(432)
280,Nineten YUZA EVO Sepatu Trail Running - Hitam dan Merah keren banget,"Rp236,064",Kab. Bogor,6 sold,5.0,(1)
281,Sepatu Lari Best Seller ORTUSEIGHT HYPERGLIDE 3.1 - Sepatu Olahraga Pria Wanita Unisex Terbaru,"Rp120,000",Kab. Tangerang,59 sold,3.8,(25)
282,Promo Terbaru Sepatu Running 910 Nineten Haze Vision 1.0 - Sepatu Daily Run - Sepatu Pria Dan Wanita Bisa Bayar Ditempat,"Rp167,105",Kab. Tangerang,310 sold,4.2,(92)
283,Sepatu Jogging Pria Unisex Terbaru Sepatu Lari Olahraga Pria Wanita Terlaris Varian Warna,"Rp210,000",Kab. Karawang,,5.0,(1)
284,Sepatu Wanita Sepatu Running Sepatu HOKA KAWANA Sepatu Senam Sepatu Lari Sepatu Wanita Dewasa,"Rp115,000",Kota Jakarta Selatan,,,
285,LANGSUNG KIRIM! IMPORT SEPATU OLAHRAGA LARI PRIA RUNNING SHOES OUTDOOR SUDAH TERMASUK BOX,"Rp289,000",Kab. Tangerang,24 sold,4.5,(5)
286,PROMO 100!!Sepatu Lari Hoka Kawana Wanita Sepatu Running Hoka One Kawana 2 Perempuan Terbaru,"Rp49,000",Kab. Tangerang,,,
287,Sepatu Lari Rebound Ringan Tahan Abrasi FD8315-700 (COD),"Rp205,000",Kab. Karawang,,5.0,(1)
288,PROMO SPESIAL Sepatu Running Velocity Putih Silver Olahraga Jogging Lari Pria Wanita,"Rp202,000",Kab. Karawang,,,
289,Caps | Sepatu Lari Nuevo Velocity Putih Biru Sepatu Lari Olahraga Running,"Rp174,900",Kota Jakarta Barat,,,
290,Eagle Sepatu Lari Alpha ST - Running Shoes,"Rp771,443",Kota Tangerang,5 sold,5.0,(1)
291,Sepatu Sports Under Armour Men's UA Rogue 4 Running Shoes,"Rp295,800",Kab. Cilacap,8 sold,,
292,PROMO HARGA SEPATU TRAIL RUNNING SEPATU LARI PRIA/WANITA TERBARU BISA COD,"Rp205,000",Kab. Karawang,,5.0,(1)
293,NEW TERKINI !!! Sepatu running nineten haze vision 1.0 putih ungu | pria dewas dan wanita berkualitas  full kuat dan tahan lama | terpopuler 2025  cod gratis ongkir siap pakai,"Rp122,888",Kota Jakarta Selatan,,1.0,(1)
294,Mizuno momentum 3 men's running shoes men's sports running shoes,"Rp149,000",Kab. Tangerang,44 sold,4.0,(17)
295,"910 Nineten Aurorun / Sepatu Running Nineten  / Sepatu Olahraga Lari Pria Wanita- Navy Ungu Biru, 42","Rp160,000",Kab. Tangerang,,,
296,"Macaron aqua shoes men women rubber sole anti-skid beach shoes summer quick dry footless yoga breath shoes for swimming, surfing, indoor playing, swimming pool, sailing, cycling, fishing, driving, beach walks","Rp26,400",Kab. Tangerang,348 sold,4.7,(97)
297,Eagle Sepatu Lari Vibe – Running Shoes,"Rp303,905",Kota Tangerang,116 sold,4.9,(54)
298,PROMO SHOES RUNNING TERMURAH!!! Younkou X Blanx.co -  Sepatu Lari Pria | Running Shoes Sepatu Olahraga Pria,"Rp175,000",Kab. Tangerang,,,
299,Sepatu Lari 910 Nineten AURORUN Navy - Sepatu Ranning Termurah Nineten  Pria Wanita,"Rp150,000",Kab. Tangerang,,,
300,Sepatu Sneakers Pria fashion Sepatu Olahraga Sepatu Kasual,"Rp49,906",Kab. Bogor,,4.0,(1)
301,SEPATU OLAHRAGA HOKA GORETX WOMENS/SEPATU OLAHRAGA CEWEK,"Rp149,000",Kab. Tangerang,80 sold,4.5,(25)
302,Caeican Sepatu Kets Pria Running Sport Kece Terbaru,"Rp53,000",Kab. Bogor,,5.0,(2)
303,Sepatu Hoka goretex/sepatu lari joging/sepatu senam aerobik/sepatu olahraga running/sepatu gym training wanita,"Rp155,000",Kab. Tangerang,,5.0,(1)
304,"HEPIJAYA STORE - Sepatu jogging pria santai keren cowok anti slip ASIC H827 putih hitam maun abu  oke buat olah raga, lari pagi atau pun senam","Rp97,565",Kab. Bogor,,,
305,11.11 TERBARU SEPATU WANITA SNEAKERS SPORT KASUAL JALAN SANTAI//COD,"Rp37,000",Kab. Bogor,442 sold,4.5,(118)
306,Sepatu LUMINOSE Pria Olahraga Kasual Simple Keren Kanvas Sepatu Cowok Lari Running Empuk Nyaman dikaki sol TPR Anti Slip,"Rp173,100",Kota Bekasi,19 sold,4.6,(13)
307,SEPATU RUNNING HOKA CARBON X2 SEPATU OLAHRAGA HOKA SEPATU HOKA ONE ONE CARBON X2 PRIA,"Rp95,000",Kab. Tangerang,19 sold,4.5,(13)
308,Cpas | Sepatu Running Nuevo Velocity Putih Olahraga Jogging Lari Pria,"Rp175,000",Kota Jakarta Barat,,,
309,Bandar HOT SALE!! Sepatu Sneakers Pria Sport Maskulin Size 39 - 43 B2023,"Rp24,700",Kab. Bogor,283 sold,4.6,(43)
310,SP54 sepatu olahraga pria cowok cowo sekolah sport lari hitam putih murah,"Rp24,500",Kab. Bogor,7 sold,3.0,(2)
311,LSB 8.8 SALE !! - SEPATU SNEAKERS SPORT WANITA FASHION IMPOTR FCB TRENDY 2021 COD-IN,"Rp37,900",Kab. Bogor,20.1K sold,4.7,(5941)
312,BONUS KAOS KAKI sepatu wanita import alas lentur jalan jalan joging santai lari,"Rp65,000",Kab. Bogor,1.1K sold,4.8,(455)
313,Sepatu olahraga wanita terbaru hoka mach 4 sepatu running wanita,"Rp149,000",Kab. Tangerang,69 sold,4.8,(19)
314,COD Sepatu Sneakers Olahraga Pria Fashion Ston Sepatu Jalan Pria Sepatu Lari Pria,"Rp36,500",Kab. Bogor,,,
315,PROMO SUPER SALE SEPATU BLANX.CO - One Series Hitam Biru Sepatu Olahraga Pria Lari Running Jogging,"Rp185,000",Kab. Tangerang,,5.0,(2)
316,SH31R sepatu pria cowok cowo olahraga sekolah sport sneakers lari murah dewasa hitam putih,"Rp23,500",Kab. Bogor,11 sold,5.0,(4)
317,PROMO SHOES RUNNING TERMURAH!!! BLANX.CO - Soul King Putih Hijau - Sepatu Lari Pria | Running Shoes Sepatu Olahraga Pria,"Rp175,000",Kab. Tangerang,,,
318,Original Sepatu New Balance Fresh Foam X 880 v13 Wide Mens Road Running Shoes - Aluminum Grey,"Rp289,999",Kab. Cianjur,9 sold,,
319,SP03 sepatu olahraga pria cowok cowo sekolah sport sneakers lari sneaker murah hitam putih jogging,"Rp29,500",Kab. Bogor,,5.0,(1)
320,PROMO TERMURAH SEPATU OLAHRAGA SNEAKERS RUNNING SPORT VOLLY NETBURNER BAHAN PREMIUM BERKUALITAS HIGHT QUALITY BISA BAYAR DI TEMPAT DAN BISA COD,"Rp249,700",Kab. Tangerang,9 sold,5.0,(2)
321,Sepatu Original Lari Pria On Cloudmonster - Grey Silver,"Rp206,809",Kota Jakarta Pusat,,,
322,PROMO SPESIAL!!! Sepatu Running Lari Pria Adizero Adios Pro Evo 1 White Black Red,"Rp201,000",Kab. Karawang,9 sold,5.0,(4)
323,NEW..!!!PROMO TERBATAS..!!!Leedoo Sepatu Pria Sneakers Sepatu Olahraga Lari,"Rp99,700",Kota Tasikmalaya,,,
324,Sepatu Lari/Running Ortuseight  Hyperblast 2.1 - Sacramento/Lime,"Rp235,000",Kota Jakarta Timur,,,
325,Sepatu Lari Pria On Cloud X3  White Running Shoes Men,"Rp264,258",Kota Jakarta Selatan,,,
326,Sepatu Running Nuevo Soars Sport Men Sepatu Lari Pria,"Rp181,500",Kota Bandung,22 sold,4.8,(10)
327,004C Sepatu pria dewasa terbaru sneakers olahraga sport lari sekolah santai kerja murah,"Rp17,500",Kab. Bogor,5.6K sold,4.6,(1630)
328,PROMO!!! Sepatu Olahraga Tenis Pria Dewasa Sepatu Voli Model Terbaru Bisa COD,"Rp185,500",Kab. Tangerang,71 sold,4.6,(19)
329,Sepatu running wanita sepatu lari ortuseight hyperfuse 2.0 sepatu olahraga wanita sepatu senam,"Rp150,000",Kab. Tangerang,88 sold,4.8,(30)
330,Orig!nal Sepatu New Balance Fresh Foam X Garo'e V2 Women Trail Running Shoes - Olivine,"Rp312,999",Kab. Cianjur,15 sold,,
331,NUEVO Wilmax White Purple Orange Sepatu Running Pria Sepatu Sneakers Olahraga Lari Pria,"Rp162,500",Kota Bandung,735 sold,4.7,(342)
332,Termurah Sepatu Running 910 Nineten Hiroshi - Sepatu Running - Sepatu Lari Pria Dan Wanita,"Rp215,000",Kab. Tangerang,7 sold,5.0,(2)
333,"PROMO ! Sepatu lintasan dan lapangan baru Sepatu lari sprint runcing lintasan dan lapangan spike profesional yang ringan, lembut dan nyaman Bisa ( COD )","Rp205,000",Kab. Karawang,5 sold,5.0,(3)
334,shoes sport,"Rp125,099",Kota Jakarta Selatan,,,
335,SEPATU WANITA H0KA BONDI SEPATU RUNNING SEPATU TRENDY SEPATU WANITA DEWASA,"Rp129,000",Kab. Tangerang,9 sold,5.0,(4)
336,910 Nineten AURORUN STRIDE Sepatu Running Olahraga Lari Hitam Abu Tua Unisex,"Rp583,920",Kab. Bantul,,,
337,Sepatu Lari Pria On Cloudsurfer Grey Running Shoes Men,"Rp264,258",Kota Jakarta Selatan,,,
338,Sepatu Lari - ORTUSEIGHT Hyperglide 3.1 - Light Grey/Ortrange [11040135] - Sepatu Snekers Pria Wanita,"Rp142,000",Kab. Tangerang,,,
339,"Ortuseight Hyperglide 3.1 Light Grey Ortrange Bisa Bayar Di Tempat, 40","Rp150,000",Kab. Tangerang,5 sold,3.0,(2)
340,Sepatu Running/Lari Ortuseight Hyperblast Shadow - Sepatu Running Pria & Wanita Full Black,"Rp120,000",Kab. Tangerang,,5.0,(1)
341,Orig!nal Sepatu New Balance Fresh Foam X Hierro v8 Mens Trail Running Shoes - Black,"Rp304,599",Kab. Cianjur,10 sold,,
342,PROMO HARGA SEPATU RUNNING-LARI UNISEX LIGH GREEN VALERIAN BLUE RIBBON SAIL PINK BLACK WHITE VIBRANT GREEN TERBARU...,"Rp210,000",Kab. Karawang,,,
343,Sepatu Olahraga Lari Running Man Jogging Santai Model Terbaru Fly New Edition Max Pro,"Rp134,500",Kab. Bandung,,,
344,SEPATU OLAHRAGA PRIA TERBARU RUNNING LARI LAKI RINGAN AWET NYAMAN DI PAKAI KEREN BEST SELLER,"Rp139,900",Kab. Bandung,48 sold,4.5,(17)
345,SEPATU RUNNING SPORT KASUAL PREMIUM MADE IN VIETNAM SEPATU LARI ABU LIS PUTIH,"Rp105,500",Kab. Bekasi,26 sold,4.8,(14)
346,Sepatu voli wanita metarise terbaru sepatu olahraga volly murah dan stylish modern cewe sporty,"Rp159,000",Kab. Tangerang,39 sold,4.6,(13)
347,sepatu sport running wanita/sepatu olahraga lari cewek/sneakers running olahraga,"Rp140,000",Kab. Tangerang,139 sold,4.7,(47)
348,Sepatu Lari Hoka One Kawana Sepatu Olahraga Lari Wanita Terbaru,"Rp149,990",Kab. Tangerang,,,
349,Promo Sepatu Running Specs Coanda SV Subs1 Ready Size 37-43,"Rp217,899",Kab. Tangerang,,,
350,"sepatu pria cowok olahraga, sepatu pria cowok ukuran dewasa","Rp36,000",Kab. Bogor,,,
351,PROMO TERBATAS! SEPATU RUNNING/LARI ORTUS SOLAR - HITAM GRADASI - Sepatu Running Pria Wanita Unisex / Sepatu jalan jalan,"Rp89,950",Kab. Tangerang,,,
352,PROMO TERLARIS DAN ERMURAH 910 Sepatu Lari FUUTO REVENGE - PUTIH/ABU-MUDA/TURQUOISE,"Rp135,000",Kab. Tangerang,,,
353,Ortuseight Sepatu Lari/Running Hyperblast 2.1 - Sacramento/Lime - Ortuseight - Running - Sepatu Lari Terbaru,"Rp150,000",Kab. Tangerang,,1.0,(2)
354,Terbaru!! Sepatu Running Ortuseight Hyperblast 2.0 Sepatu Olahraga Lari Jogging Outdor Pria dan Wanita Bisa COD,"Rp129,000",Kab. Tangerang,,5.0,(1)
355,Sepatu Wanita ATR 7 Sepatu Lari Wanita Sepatu Senam Sepatu Hiking,"Rp105,900",Kab. Tangerang,177 sold,4.7,(63)
356,"Sepatu SPECS running Terbaru white rainbow ukuran 39 40 41 42 43 44 , Sepatu Lari pria , Sepatu jogging Pria , Sepatu Olahraga pria , Sepatu warna putih","Rp165,000",Kab. Tangerang,,,
357,SEPATU RUNNING ORTUSEIGHT HYPERBLAST 2.1  SACRAMENTO LIME - 39,"Rp150,000",Kab. Tangerang,7 sold,3.0,(3)
358,SEPATU HOKA WOMENS/SEPATU OLAHRAGA HOKA CEWEK/SEPATU HOKA CLIFTON 9/Sepatu Sport Hoka clifton women/sepatu lari pria/sepatu sport terkini/sepatu joging wanita/sepatu Hoka/sepatu sport terbaru/sepatu terbaru wanita/sepatu sport/sepatu Ranning wanita,"Rp149,000",Kab. Tangerang,385 sold,4.7,(164)
359,epatu Running Ortuseight Hyperfuse 3.0 White/Aqua - Sepatu Lari Pria Wanita Terbaru & Terlaris,"Rp144,000",Kab. Tangerang,,,
360,SEPATU OLAHRAGA LARI PRIA WANITA MARATHON TRAINING RUNNING SHOES WHITE ORANGE GREEN BLUE BLACK YELLOW,"Rp289,000",Kab. Tangerang,23 sold,5.0,(9)
361,DISKON SEPATU RUNNING Ortuseight Sepatu Lari Running Hyperblas SEPATU LARI TERLARIS NYAMAN DI PAKAI,"Rp125,000",Kota Jakarta Selatan,,,
362,Sepatu Running 910 Nineten Geist Ekiden SE Original,"Rp220,000",Kab. Bogor,7 sold,5.0,(1)
363,SEPATU RUNNING ORTUSEIGHT HYPERFUSE 2.0 SEPATU JOGING PRIA WANITA,"Rp122,500",Kota Jakarta Selatan,,,
364,PROMO!! SEPATU RUNNING 910 NINETEN HAZE 1.5 SEPATU LARI 910 NINETEN HAZE 1.5 - HAZE VISION,"Rp95,000",Kab. Tangerang,42 sold,4.2,(16)
365,COD Sepatu Sneakers anak Laki-laki/Perempuan Jintu polos putih & pink sepatu hits 2025 Sepatu kekinian / ootd / Sepatu viral / Sepatu Sport / Sepatu Gaul / Sepatu Trendy / Sneakers sporty,"Rp42,500",Kota Bogor,104 sold,3.5,(15)
366,SUPER PROMO HOKA ONE ONE CARBON X2 RUNNING SHOES SEPATU LARI OLAHRAGA SNEAKERS 100% / HOKA,"Rp135,000",Kab. Tangerang,109 sold,3.0,(63)
367,Paling Laris!!!Hoka running mach 5 Gore Tex Sepatu Olahraga Lari Marapthon Sneakers Wanita 100,"Rp71,000",Kab. Tangerang,,,
368,COD !! SEPATU LARI ORTUSEIGHT HYPERGLIDE 3.1 SEPATU RUNNING MENS WOMEN,"Rp145,000",Kab. Tangerang,,,
369,Sepatu Lari Pria Nuevo Runastic Sport Men Olahraga Running,"Rp154,500",Kota Bandung,38 sold,4.5,(14)
370,Sepatu HOKA Premium / Sepatu Lari Pria / Sepatu Running Pria / Sepatu Olahraga,"Rp135,000",Kab. Tangerang,43 sold,4.8,(24)
371,MILLS Sepatu Lari Running Shoes Treximo Vision White/Orange/Blue 9103404,"Rp399,000",Kab. Tangerang,46 sold,5.0,(22)
372,Sepatu Sneakers Putih Casual Sepatu Lari Cowok Kekinian Nyaman Sepatu Hangout MC122,"Rp52,000",Kota Bogor,33 sold,4.0,(6)
373,SEPATU RUNNING OLAHRAGA JOGGING HOKA SEPATU HOKA ONE ONE CARBON X2 PRIA WANITA SEPATU LARI DEWASA,"Rp110,000",Kab. Tangerang,309 sold,4.0,(125)
374,Spotec Running Atlas Sepatu Lari Pria Wanita - Biru Tua Emas,"Rp314,900",Kab. Tangerang,537 sold,4.9,(295)
375,PROMO 100!!!Sepatu Lari Hoka Clifton 9 Gore Tex Stabilo Sepatu Running Hoka Wanita Murah,"Rp60,000",Kab. Tangerang,6 sold,5.0,(1)
376,Sepatu Original Lari Pria New Balance Fresh Foam X Hierro V9 - Green,"Rp314,500",Kota Salatiga,,,
377,SOFEI Sepatu anak cowok cewek sneakers impor model terbaru anti licin santai olahraga lari jalan,"Rp139,000",Kab. Tangerang,1.7K sold,4.8,(828)
378,Sepatu Running Nuevo Velocity Putih Olahraga Jogging Lari Pria,"Rp165,000",Kota Bandung,1.3K sold,4.6,(432)
379,Eagle Sepatu Lari Eterna - Running Shoes,"Rp310,402",Kota Tangerang,9 sold,5.0,(5)
380,910 Nineten AURORUN Sepatu Lari - NAVY/HIJAU-TEAL/ORANGE,"Rp264,258",Kota Jakarta Selatan,,,
381,Sepatu Original Lari Pria On Cloudmonster - All Black,"Rp206,809",Kota Jakarta Pusat,,,
382,SEPATU OLAHRAGA WANITA/SPORT RUNNING/SPORT AEROBIC DLL,"Rp115,500",Kab. Tangerang,54 sold,4.0,(19)
383,Caps | NUEVO - Sepatu Olahraga Pria Nuevo Soars XI Sneakers Lari Running Pria Outdoor,"Rp179,000",Kota Jakarta Barat,,,
384,Sepatu Wanita Sneakers Fashion Sport Terbaru-syahdan.store,"Rp30,000",Kab. Bogor,332 sold,3.9,(74)
385,Sepatu Sneakers Sepatu Running Sepatu Karet FZTH Garis,"Rp89,000",Kota Bogor,32 sold,4.8,(11)
386,JSP57 Sepatu Sport Pria Running Shoes,"Rp78,000",Kota Tangerang,10 sold,4.9,(7)
387,Sepatu olahraga pria wanita sekolah sport lari running murah termurah terbaru kekinian,"Rp49,955",Kab. Bogor,,,
388,S56 Sepatu olahraga pria cowok cowo sekolah sport lari murah hitam putih,"Rp26,900",Kab. Bogor,,,
389,Sepatu Wanita Hoka Mach 5 Sepatu Lari Hoka Mach 5,"Rp104,900",Kab. Tangerang,17 sold,4.6,(7)
390,Sepatu Volly Wanita Sky Elit 3 Murah - Sepatu Voli Wanita - Sepatu Olahraga Wanita - Sepatu Lari Wanita,"Rp175,000",Kab. Tangerang,,,
391,Promo Sale !!! Sepatu Running Ortuseight Hyperblast 2.0 - Sepatu Running - Sepatu Running Pria Dan Wanita,"Rp185,000",Kab. Tangerang,497 sold,4.3,(83)
392,sepatu volly wanita super premium - sepatu voli wanita terlaris - sepatu sneakers olahraga wanita - sepatu lari wanita - sepatu badminton wanita - sepatu senam wanita - sepatu voli mizuno - mizuno volly ball - sepatu volly mizuno,"Rp350,000",Kab. Tangerang,93 sold,4.8,(32)
393,5SR sepatu pria cowok cowo sekolah sport olahraga lari jalan santai sneakers,"Rp19,200",Kab. Bogor,11.3K sold,4.7,(2621)
394,MILLS Sepatu Lari Running Shoes Treximo Vision All Black 9103403,"Rp201,899",Kota Jakarta Pusat,,,
395,Ortuseight running shoes sports ortuseight sneakers for men women 38-44,"Rp130,000",Kab. Tangerang,25 sold,5.0,(3)
396,Celana Training Panjang Dewasa Pria Murah Olahraga Jogging Lari Gym Trening Cowok,"Rp25,500",Kab. Cirebon,6 sold,,
397,SP32 Sepatu olahraga pria cowok cowo sekolah sport sneakers lari sneaker murah hitam putih santai,"Rp29,500",Kab. Bogor,,5.0,(1)
398,S41 Sepatu olahraga pria cowok cowo sekolah sport lari murah hitam putih,"Rp29,500",Kab. Bogor,,,
399,PALING LARIS!!!Sepatu Lari Hoka Mach 6 Wanita Sepatu Running Olahraga Hoka One Carbon Clifton Dewasa,"Rp61,000",Kab. Tangerang,,5.0,(0)
